{"class_name": "Sequential", "keras_version": "1.1.2", "config": [{"class_name": "Dense", "config": {"W_constraint": null, "b_constraint": null, "name": "dense_1", "output_dim": 164, "activity_regularizer": null, "trainable": true, "init": "lecun_uniform", "bias": true, "input_dtype": "float32", "input_dim": null, "b_regularizer": null, "W_regularizer": null, "activation": "linear", "batch_input_shape": [null, 64]}}, {"class_name": "Activation", "config": {"activation": "relu", "trainable": true, "name": "activation_1"}}, {"class_name": "Dense", "config": {"W_constraint": null, "b_constraint": null, "name": "dense_2", "activity_regularizer": null, "trainable": true, "init": "lecun_uniform", "bias": true, "input_dim": null, "b_regularizer": null, "W_regularizer": null, "activation": "linear", "output_dim": 150}}, {"class_name": "Activation", "config": {"activation": "relu", "trainable": true, "name": "activation_2"}}, {"class_name": "Dense", "config": {"W_constraint": null, "b_constraint": null, "name": "dense_3", "activity_regularizer": null, "trainable": true, "init": "lecun_uniform", "bias": true, "input_dim": null, "b_regularizer": null, "W_regularizer": null, "activation": "linear", "output_dim": 4}}, {"class_name": "Activation", "config": {"activation": "linear", "trainable": true, "name": "activation_3"}}]}